{"v":"4.8.0","meta":{"g":"LottieFiles AE 2.0.4","a":"akhtarzaman","k":"Scanner magnifier files recovery scan","d":"Scanning file magnifier scanner create by akhtar zaman","tc":""},"fr":29.9700012207031,"ip":0,"op":61.0000024845809,"w":800,"h":800,"nm":"Scanning","ddd":0,"assets":[{"id":"image_0","w":2001,"h":2001,"u":"","p":"image_0.png","e":1}],"layers":[{"ddd":0,"ind":1,"ty":2,"nm":"Scanning","refId":"image_0","sr":1,"ks":{"o":{"a":0,"k":100,"ix":11},"r":{"a":0,"k":0,"ix":10},"p":{"a":1,"k":[{"i":{"x":0.833,"y":0.833},"o":{"x":0.167,"y":0.167},"t":0,"s":[582.308,400,0],"to":[0,100.686,0],"ti":[100.686,0,0]},{"i":{"x":0.833,"y":0.833},"o":{"x":0.167,"y":0.167},"t":14.984,"s":[400,582.308,0],"to":[-100.686,0,0],"ti":[0,100.686,0]},{"i":{"x":0.833,"y":0.833},"o":{"x":0.167,"y":0.167},"t":29.969,"s":[217.692,400,0],"to":[0,-100.686,0],"ti":[-100.686,0,0]},{"i":{"x":0.833,"y":0.833},"o":{"x":0.167,"y":0.167},"t":44.954,"s":[400,217.692,0],"to":[100.686,0,0],"ti":[0,-100.686,0]},{"t":59.9400024414063,"s":[582.308,400,0]}],"ix":2},"a":{"a":0,"k":[1000.5,1000.5,0],"ix":1},"s":{"a":0,"k":[26.437,26.437,100],"ix":6}},"ao":0,"ip":0,"op":900.000036657751,"st":0,"bm":0}],"markers":[]}

