{"v":"5.5.7","meta":{"g":"LottieFiles AE 0.1.20","a":"","k":"","d":"","tc":""},"fr":60,"ip":0,"op":240,"w":44,"h":44,"nm":"Shape/Scan","ddd":0,"assets":[],"layers":[{"ddd":0,"ind":1,"ty":4,"nm":"Khung","sr":1,"ks":{"o":{"a":1,"k":[{"i":{"x":[0.833],"y":[1]},"o":{"x":[0.167],"y":[0]},"t":60.059,"s":[0]},{"i":{"x":[0.667],"y":[1]},"o":{"x":[0.167],"y":[0]},"t":66.065,"s":[100]},{"i":{"x":[0.667],"y":[1]},"o":{"x":[0.333],"y":[0]},"t":192.007,"s":[100]},{"t":198.01245190503,"s":[0]}],"ix":11},"r":{"a":0,"k":0,"ix":10},"p":{"a":0,"k":[22.25,22.25,0],"ix":2},"a":{"a":0,"k":[10.5,10.5,0],"ix":1},"s":{"a":1,"k":[{"i":{"x":[0.658,0.658,0.667],"y":[1.011,1.011,1]},"o":{"x":[0.996,0.996,0.333],"y":[0.054,0.054,0]},"t":60.059,"s":[145,145,100]},{"i":{"x":[0.28,0.28,0.833],"y":[0.968,0.968,1]},"o":{"x":[0.508,0.508,0.333],"y":[0.018,0.018,0]},"t":80.081,"s":[85,85,100]},{"i":{"x":[0.28,0.28,0.833],"y":[1,1,1]},"o":{"x":[0.167,0.167,0.167],"y":[0,0,0]},"t":90.091,"s":[105,105,100]},{"i":{"x":[0.833,0.833,0.833],"y":[1,1,1]},"o":{"x":[0.167,0.167,0.167],"y":[0,0,0]},"t":186.001,"s":[105,105,100]},{"t":198.01245190503,"s":[145,145,100]}],"ix":6}},"ao":0,"shapes":[{"ty":"gr","it":[{"ind":0,"ty":"sh","ix":1,"ks":{"a":0,"k":{"i":[[-0.3,0],[0,0],[0,0],[-0.2,0.2],[-0.3,0],[-0.2,-0.2],[0,-0.3],[0,0],[0.3,-0.3],[0.5,0],[0,0],[0.2,0.2],[0,0.3],[-0.2,0.2]],"o":[[0,0],[0,0],[0,-0.3],[0.2,-0.2],[0.3,0],[0.2,0.2],[0,0],[0,0.4],[-0.3,0.3],[0,0],[-0.3,0],[-0.2,-0.2],[0,-0.3],[0.2,-0.2]],"v":[[-2,1],[1,1],[1,-2],[1.3,-2.7],[2,-3],[2.7,-2.7],[3,-2],[3,1.5],[2.6,2.6],[1.5,3],[-2,3],[-2.7,2.7],[-3,2],[-2.7,1.3]],"c":true},"ix":2},"nm":"Path 1","mn":"ADBE Vector Shape - Group","hd":false},{"ty":"fl","c":{"a":0,"k":[1,1,1,1],"ix":4},"o":{"a":0,"k":100,"ix":5},"r":1,"bm":0,"nm":"Fill 1","mn":"ADBE Vector Graphic - Fill","hd":false},{"ty":"tr","p":{"a":0,"k":[17.25,17.25],"ix":2},"a":{"a":0,"k":[0,0],"ix":1},"s":{"a":0,"k":[100,100],"ix":3},"r":{"a":0,"k":0,"ix":6},"o":{"a":0,"k":100,"ix":7},"sk":{"a":0,"k":0,"ix":4},"sa":{"a":0,"k":0,"ix":5},"nm":"Transform"}],"nm":"Group 1","np":2,"cix":2,"bm":0,"ix":1,"mn":"ADBE Vector Group","hd":false},{"ty":"gr","it":[{"ind":0,"ty":"sh","ix":1,"ks":{"a":0,"k":{"i":[[0.3,0],[0,0],[0,0],[0.2,-0.2],[0.3,0],[0.2,0.2],[0,0.3],[0,0],[-0.3,0.3],[-0.5,0],[0,0],[-0.2,-0.2],[0,-0.3],[0.2,-0.2]],"o":[[0,0],[0,0],[0,0.3],[-0.2,0.2],[-0.3,0],[-0.2,-0.2],[0,0],[0,-0.4],[0.3,-0.3],[0,0],[0.3,0],[0.2,0.2],[0,0.3],[-0.2,0.2]],"v":[[2,-1],[-1,-1],[-1,2],[-1.3,2.7],[-2,3],[-2.7,2.7],[-3,2],[-3,-1.5],[-2.6,-2.6],[-1.5,-3],[2,-3],[2.7,-2.7],[3,-2],[2.7,-1.3]],"c":true},"ix":2},"nm":"Path 1","mn":"ADBE Vector Shape - Group","hd":false},{"ty":"fl","c":{"a":0,"k":[1,1,1,1],"ix":4},"o":{"a":0,"k":100,"ix":5},"r":1,"bm":0,"nm":"Fill 1","mn":"ADBE Vector Graphic - Fill","hd":false},{"ty":"tr","p":{"a":0,"k":[3.25,3.25],"ix":2},"a":{"a":0,"k":[0,0],"ix":1},"s":{"a":0,"k":[100,100],"ix":3},"r":{"a":0,"k":0,"ix":6},"o":{"a":0,"k":100,"ix":7},"sk":{"a":0,"k":0,"ix":4},"sa":{"a":0,"k":0,"ix":5},"nm":"Transform"}],"nm":"Group 2","np":2,"cix":2,"bm":0,"ix":2,"mn":"ADBE Vector Group","hd":false},{"ty":"gr","it":[{"ind":0,"ty":"sh","ix":1,"ks":{"a":0,"k":{"i":[[0,0.3],[0,0],[0,0],[0.2,0.2],[0,0.3],[-0.2,0.2],[-0.3,0],[0,0],[-0.3,-0.3],[0,-0.5],[0,0],[0.2,-0.2],[0.3,0],[0.2,0.2]],"o":[[0,0],[0,0],[-0.3,0],[-0.2,-0.2],[0,-0.3],[0.2,-0.2],[0,0],[0.4,0],[0.3,0.3],[0,0],[0,0.3],[-0.2,0.2],[-0.3,0],[-0.2,-0.2]],"v":[[1,2],[1,-1],[-2,-1],[-2.7,-1.3],[-3,-2],[-2.7,-2.7],[-2,-3],[1.5,-3],[2.6,-2.6],[3,-1.5],[3,2],[2.7,2.7],[2,3],[1.3,2.7]],"c":true},"ix":2},"nm":"Path 1","mn":"ADBE Vector Shape - Group","hd":false},{"ty":"fl","c":{"a":0,"k":[1,1,1,1],"ix":4},"o":{"a":0,"k":100,"ix":5},"r":1,"bm":0,"nm":"Fill 1","mn":"ADBE Vector Graphic - Fill","hd":false},{"ty":"tr","p":{"a":0,"k":[17.25,3.25],"ix":2},"a":{"a":0,"k":[0,0],"ix":1},"s":{"a":0,"k":[100,100],"ix":3},"r":{"a":0,"k":0,"ix":6},"o":{"a":0,"k":100,"ix":7},"sk":{"a":0,"k":0,"ix":4},"sa":{"a":0,"k":0,"ix":5},"nm":"Transform"}],"nm":"Group 3","np":2,"cix":2,"bm":0,"ix":3,"mn":"ADBE Vector Group","hd":false},{"ty":"gr","it":[{"ind":0,"ty":"sh","ix":1,"ks":{"a":0,"k":{"i":[[0,-0.3],[0,0],[0,0],[-0.2,-0.2],[0,-0.3],[0.2,-0.2],[0.3,0],[0,0],[0.3,0.3],[0,0.4],[0,0],[-0.2,0.2],[-0.3,0],[-0.2,-0.2]],"o":[[0,0],[0,0],[0.3,0],[0.2,0.2],[0,0.3],[-0.2,0.2],[0,0],[-0.4,0],[-0.3,-0.3],[0,0],[0,-0.3],[0.2,-0.2],[0.3,0],[0.2,0.2]],"v":[[-1,-2],[-1,1],[2,1],[2.7,1.3],[3,2],[2.7,2.7],[2,3],[-1.5,3],[-2.6,2.6],[-3,1.5],[-3,-2],[-2.7,-2.7],[-2,-3],[-1.3,-2.7]],"c":true},"ix":2},"nm":"Path 1","mn":"ADBE Vector Shape - Group","hd":false},{"ty":"fl","c":{"a":0,"k":[1,1,1,1],"ix":4},"o":{"a":0,"k":100,"ix":5},"r":1,"bm":0,"nm":"Fill 1","mn":"ADBE Vector Graphic - Fill","hd":false},{"ty":"tr","p":{"a":0,"k":[3.25,17.25],"ix":2},"a":{"a":0,"k":[0,0],"ix":1},"s":{"a":0,"k":[100,100],"ix":3},"r":{"a":0,"k":0,"ix":6},"o":{"a":0,"k":100,"ix":7},"sk":{"a":0,"k":0,"ix":4},"sa":{"a":0,"k":0,"ix":5},"nm":"Transform"}],"nm":"Group 4","np":2,"cix":2,"bm":0,"ix":4,"mn":"ADBE Vector Group","hd":false}],"ip":60.0600600600601,"op":199,"st":30.03003003003,"bm":0},{"ddd":0,"ind":2,"ty":4,"nm":"Check","sr":1,"ks":{"o":{"a":1,"k":[{"i":{"x":[0.667],"y":[1]},"o":{"x":[0.333],"y":[0]},"t":124,"s":[0]},{"i":{"x":[0.833],"y":[1]},"o":{"x":[0.167],"y":[0]},"t":134,"s":[100]},{"i":{"x":[0.667],"y":[1]},"o":{"x":[0.167],"y":[0]},"t":162,"s":[100]},{"t":168.00048877002,"s":[0]}],"ix":11},"r":{"a":0,"k":0,"ix":10},"p":{"a":0,"k":[22,22,0],"ix":2},"a":{"a":0,"k":[208.5,208.5,0],"ix":1},"s":{"a":1,"k":[{"i":{"x":[0.603,0.603,0.603],"y":[0.822,0.822,15.597]},"o":{"x":[0.161,0.161,0.161],"y":[0,0,0]},"t":124,"s":[1.5,1.5,100]},{"i":{"x":[0.825,0.825,0.825],"y":[1,1,1]},"o":{"x":[0.43,0.43,0.43],"y":[-0.346,-0.346,-10.552]},"t":130,"s":[3.5000000000000004,3.5000000000000004,100]},{"t":134.00048877002,"s":[2.758,2.758,100]}],"ix":6}},"ao":0,"shapes":[{"ty":"gr","it":[{"ind":0,"ty":"sh","ix":1,"ks":{"a":0,"k":{"i":[[0,0],[5.642,0],[3.98,4.004],[0,0],[-12.476,12.453],[0,0],[-12.476,-12.476],[0,0],[0,0],[-12.456,-12.475],[0,0],[12.475,-12.456]],"o":[[-3.98,4.004],[-5.641,0],[0,0],[-12.476,-12.476],[0,0],[12.48,-12.476],[0,0],[0,0],[12.479,-12.475],[0,0],[12.475,12.476],[0,0]],"v":[[-48.823,157.219],[-63.876,163.456],[-78.928,157.219],[-199.143,36.985],[-199.143,-8.174],[-184.091,-23.23],[-138.928,-23.23],[-63.876,51.826],[138.928,-150.981],[184.09,-150.981],[199.143,-135.924],[199.143,-90.766]],"c":true},"ix":2},"nm":"Path 1","mn":"ADBE Vector Shape - Group","hd":false},{"ty":"fl","c":{"a":0,"k":[1,1,1,1],"ix":4},"o":{"a":0,"k":100,"ix":5},"r":1,"bm":0,"nm":"Fill 1","mn":"ADBE Vector Graphic - Fill","hd":false},{"ty":"tr","p":{"a":0,"k":[208.5,207.059],"ix":2},"a":{"a":0,"k":[0,0],"ix":1},"s":{"a":0,"k":[100,100],"ix":3},"r":{"a":0,"k":0,"ix":6},"o":{"a":0,"k":100,"ix":7},"sk":{"a":0,"k":0,"ix":4},"sa":{"a":0,"k":0,"ix":5},"nm":"Transform"}],"nm":"Group 1","np":4,"cix":2,"bm":0,"ix":1,"mn":"ADBE Vector Group","hd":false}],"ip":124,"op":171,"st":18.02002002002,"bm":0},{"ddd":0,"ind":3,"ty":4,"nm":"Sc","sr":1,"ks":{"o":{"a":1,"k":[{"i":{"x":[0.62],"y":[1]},"o":{"x":[0.285],"y":[0]},"t":128.128,"s":[100]},{"i":{"x":[0.601],"y":[-45.773]},"o":{"x":[0.234],"y":[0]},"t":130.13,"s":[0]},{"i":{"x":[0.665],"y":[0.975]},"o":{"x":[0.331],"y":[0.025]},"t":160.999,"s":[0]},{"i":{"x":[0.703],"y":[1]},"o":{"x":[0.343],"y":[23.072]},"t":163.001,"s":[100]},{"i":{"x":[0.667],"y":[1]},"o":{"x":[0.333],"y":[0]},"t":181.018,"s":[100]},{"t":185.02221753003,"s":[0]}],"ix":11},"r":{"a":0,"k":0,"ix":10},"p":{"a":1,"k":[{"i":{"x":0.667,"y":1},"o":{"x":0.333,"y":0},"t":110.11,"s":[22.236,16.313,0],"to":[0,2.15,0],"ti":[0,-2.15,0]},{"i":{"x":0.667,"y":0.667},"o":{"x":0.333,"y":0.333},"t":130.13,"s":[22.236,29.213,0],"to":[0,0,0],"ti":[0,0,0]},{"i":{"x":0.667,"y":1},"o":{"x":0.333,"y":0},"t":163.001,"s":[22.236,29.213,0],"to":[0,-2.146,0],"ti":[0,2.146,0]},{"t":185.02221753003,"s":[22.236,16.338,0]}],"ix":2},"a":{"a":0,"k":[11.5,1.5,0],"ix":1},"s":{"a":0,"k":[94.483,100,100],"ix":6}},"ao":0,"shapes":[{"ty":"gr","it":[{"ind":0,"ty":"sh","ix":1,"ks":{"a":0,"k":{"i":[[0,-0.3],[0.2,-0.2],[0.3,0],[0,0],[0.2,0.2],[0,0.3],[-0.2,0.2],[-0.3,0],[0,0],[-0.2,-0.2]],"o":[[0,0.3],[-0.2,0.2],[0,0],[-0.3,0],[-0.2,-0.2],[0,-0.3],[0.2,-0.2],[0,0],[0.3,0],[0.2,0.2]],"v":[[11,0],[10.7,0.7],[10,1],[-10,1],[-10.7,0.7],[-11,0],[-10.7,-0.7],[-10,-1],[10,-1],[10.7,-0.7]],"c":true},"ix":2},"nm":"Path 1","mn":"ADBE Vector Shape - Group","hd":false},{"ty":"fl","c":{"a":0,"k":[1,1,1,1],"ix":4},"o":{"a":0,"k":100,"ix":5},"r":1,"bm":0,"nm":"Fill 1","mn":"ADBE Vector Graphic - Fill","hd":false},{"ty":"tr","p":{"a":0,"k":[11.25,1.25],"ix":2},"a":{"a":0,"k":[0,0],"ix":1},"s":{"a":0,"k":[67.241,100],"ix":3},"r":{"a":0,"k":0,"ix":6},"o":{"a":0,"k":100,"ix":7},"sk":{"a":0,"k":0,"ix":4},"sa":{"a":0,"k":0,"ix":5},"nm":"Transform"}],"nm":"Group 1","np":2,"cix":2,"bm":0,"ix":1,"mn":"ADBE Vector Group","hd":false}],"ip":110.11011011011,"op":186,"st":30.03003003003,"bm":0},{"ddd":0,"ind":4,"ty":4,"nm":"Mask","parent":3,"td":1,"sr":1,"ks":{"o":{"a":0,"k":100,"ix":11},"r":{"a":0,"k":0,"ix":10},"p":{"a":0,"k":[11.286,14.313,0],"ix":2},"a":{"a":0,"k":[-0.125,0.821,0],"ix":1},"s":{"a":0,"k":[98.281,83.157,100],"ix":6}},"ao":0,"shapes":[{"ty":"gr","it":[{"ty":"rc","d":1,"s":{"a":0,"k":[15.563,3.313],"ix":2},"p":{"a":0,"k":[0,0],"ix":3},"r":{"a":0,"k":0,"ix":4},"nm":"Rectangle Path 1","mn":"ADBE Vector Shape - Rect","hd":false},{"ty":"fl","c":{"a":0,"k":[0.23137254901960785,0.5372549019607843,0.9254901960784314,1],"ix":4},"o":{"a":0,"k":100,"ix":5},"r":1,"bm":0,"nm":"Fill 1","mn":"ADBE Vector Graphic - Fill","hd":false},{"ty":"tr","p":{"a":0,"k":[-0.156,-6.531],"ix":2},"a":{"a":0,"k":[0,0],"ix":1},"s":{"a":0,"k":[100,447.17],"ix":3},"r":{"a":0,"k":0,"ix":6},"o":{"a":0,"k":100,"ix":7},"sk":{"a":0,"k":0,"ix":4},"sa":{"a":0,"k":0,"ix":5},"nm":"Transform"}],"nm":"Rectangle 1","np":3,"cix":2,"bm":0,"ix":1,"mn":"ADBE Vector Group","hd":false}],"ip":110.11011011011,"op":210.21021021021,"st":30.03003003003,"bm":0},{"ddd":0,"ind":5,"ty":4,"nm":"QR","tt":1,"sr":1,"ks":{"o":{"a":0,"k":100,"ix":11},"r":{"a":0,"k":0,"ix":10},"p":{"a":0,"k":[22.25,22.25,0],"ix":2},"a":{"a":0,"k":[10.5,10.5,0],"ix":1},"s":{"a":0,"k":[70,70,100],"ix":6}},"ao":0,"shapes":[{"ty":"gr","it":[{"ind":0,"ty":"sh","ix":1,"ks":{"a":0,"k":{"i":[[0,0],[-0.2,0.2],[-0.3,0],[-0.2,-0.2],[0,-0.3],[0,0],[0.2,-0.2],[0.3,0],[0.2,0.2],[0,0.3]],"o":[[0,-0.3],[0.2,-0.2],[0.3,0],[0.2,0.2],[0,0],[0,0.3],[-0.2,0.2],[-0.3,0],[-0.2,-0.2],[0,0]],"v":[[-1,-9],[-0.7,-9.7],[0,-10],[0.7,-9.7],[1,-9],[1,-7],[0.7,-6.3],[0,-6],[-0.7,-6.3],[-1,-7]],"c":true},"ix":2},"nm":"Path 1","mn":"ADBE Vector Shape - Group","hd":false},{"ind":1,"ty":"sh","ix":2,"ks":{"a":0,"k":{"i":[[0,0.3],[-0.2,0.2],[-0.3,0],[-0.2,-0.2],[0,-0.3],[0.2,-0.2],[0.3,0],[0.2,0.2]],"o":[[0,-0.3],[0.2,-0.2],[0.3,0],[0.2,0.2],[0,0.3],[-0.2,0.2],[-0.3,0],[-0.2,-0.2]],"v":[[5,-6],[5.3,-6.7],[6,-7],[6.7,-6.7],[7,-6],[6.7,-5.3],[6,-5],[5.3,-5.3]],"c":true},"ix":2},"nm":"Path 2","mn":"ADBE Vector Shape - Group","hd":false},{"ind":2,"ty":"sh","ix":3,"ks":{"a":0,"k":{"i":[[0,0.3],[-0.2,0.2],[-0.3,0],[-0.2,-0.2],[0,-0.3],[0.2,-0.2],[0.3,0],[0.2,0.2]],"o":[[0,-0.3],[0.2,-0.2],[0.3,0],[0.2,0.2],[0,0.3],[-0.2,0.2],[-0.3,0],[-0.2,-0.2]],"v":[[-7,6],[-6.7,5.3],[-6,5],[-5.3,5.3],[-5,6],[-5.3,6.7],[-6,7],[-6.7,6.7]],"c":true},"ix":2},"nm":"Path 3","mn":"ADBE Vector Shape - Group","hd":false},{"ind":3,"ty":"sh","ix":4,"ks":{"a":0,"k":{"i":[[0,0.3],[-0.2,0.2],[-0.3,0],[0,0],[-0.2,-0.2],[0,-0.3],[0.2,-0.2],[0.3,0],[0,0],[0.2,0.2]],"o":[[0,-0.3],[0.2,-0.2],[0,0],[0.3,0],[0.2,0.2],[0,0.3],[-0.2,0.2],[0,0],[-0.3,0],[-0.2,-0.2]],"v":[[-7,0],[-6.7,-0.7],[-6,-1],[-3,-1],[-2.3,-0.7],[-2,0],[-2.3,0.7],[-3,1],[-6,1],[-6.7,0.7]],"c":true},"ix":2},"nm":"Path 4","mn":"ADBE Vector Shape - Group","hd":false},{"ind":4,"ty":"sh","ix":5,"ks":{"a":0,"k":{"i":[[0,0.3],[-0.2,0.2],[-0.3,0],[-0.2,-0.2],[0,-0.3],[0.2,-0.2],[0.3,0],[0.2,0.2]],"o":[[0,-0.3],[0.2,-0.2],[0.3,0],[0.2,0.2],[0,0.3],[-0.2,0.2],[-0.3,0],[-0.2,-0.2]],"v":[[-1,9],[-0.7,8.3],[0,8],[0.7,8.3],[1,9],[0.7,9.7],[0,10],[-0.7,9.7]],"c":true},"ix":2},"nm":"Path 5","mn":"ADBE Vector Shape - Group","hd":false},{"ind":5,"ty":"sh","ix":6,"ks":{"a":0,"k":{"i":[[0,0.3],[-0.2,0.2],[-0.3,0],[-0.2,-0.2],[0,-0.3],[0.2,-0.2],[0.3,0],[0.2,0.2]],"o":[[0,-0.3],[0.2,-0.2],[0.3,0],[0.2,0.2],[0,0.3],[-0.2,0.2],[-0.3,0],[-0.2,-0.2]],"v":[[8,0],[8.3,-0.7],[9,-1],[9.7,-0.7],[10,0],[9.7,0.7],[9,1],[8.3,0.7]],"c":true},"ix":2},"nm":"Path 6","mn":"ADBE Vector Shape - Group","hd":false},{"ind":6,"ty":"sh","ix":7,"ks":{"a":0,"k":{"i":[[0,0.3],[-0.2,0.2],[-0.3,0],[0,0],[-0.2,-0.2],[0,-0.3],[0.2,-0.2],[0.3,0],[0,0],[0.2,0.2]],"o":[[0,-0.3],[0.2,-0.2],[0,0],[0.3,0],[0.2,0.2],[0,0.3],[-0.2,0.2],[0,0],[-0.3,0],[-0.2,-0.2]],"v":[[-1,3],[-0.7,2.3],[0,2],[3,2],[3.7,2.3],[4,3],[3.7,3.7],[3,4],[0,4],[-0.7,3.7]],"c":true},"ix":2},"nm":"Path 7","mn":"ADBE Vector Shape - Group","hd":false},{"ind":7,"ty":"sh","ix":8,"ks":{"a":0,"k":{"i":[[0,0.3],[-0.2,0.2],[-0.3,0],[-0.2,-0.2],[0,-0.3],[0.2,-0.2],[0.3,0],[0.2,0.2]],"o":[[0,-0.3],[0.2,-0.2],[0.3,0],[0.2,0.2],[0,0.3],[-0.2,0.2],[-0.3,0],[-0.2,-0.2]],"v":[[-7,-6],[-6.7,-6.7],[-6,-7],[-5.3,-6.7],[-5,-6],[-5.3,-5.3],[-6,-5],[-6.7,-5.3]],"c":true},"ix":2},"nm":"Path 8","mn":"ADBE Vector Shape - Group","hd":false},{"ind":8,"ty":"sh","ix":9,"ks":{"a":0,"k":{"i":[[0,0.3],[-0.2,0.2],[-0.3,0],[-0.2,-0.2],[0,-0.3],[0.2,-0.2],[0.3,0],[0.2,0.2]],"o":[[0,-0.3],[0.2,-0.2],[0.3,0],[0.2,0.2],[0,0.3],[-0.2,0.2],[-0.3,0],[-0.2,-0.2]],"v":[[-10,0],[-9.7,-0.7],[-9,-1],[-8.3,-0.7],[-8,0],[-8.3,0.7],[-9,1],[-9.7,0.7]],"c":true},"ix":2},"nm":"Path 9","mn":"ADBE Vector Shape - Group","hd":false},{"ind":9,"ty":"sh","ix":10,"ks":{"a":0,"k":{"i":[[0,0],[0,0],[0,0],[0,0]],"o":[[0,0],[0,0],[0,0],[0,0]],"v":[[-8,8],[-4,8],[-4,4],[-8,4]],"c":true},"ix":2},"nm":"Path 10","mn":"ADBE Vector Shape - Group","hd":false},{"ind":10,"ty":"sh","ix":11,"ks":{"a":0,"k":{"i":[[0,0]],"o":[[0,0]],"v":[[-8,4]],"c":false},"ix":2},"nm":"Path 11","mn":"ADBE Vector Shape - Group","hd":false},{"ind":11,"ty":"sh","ix":12,"ks":{"a":0,"k":{"i":[[0,0],[0,0],[0,0],[0,0]],"o":[[0,0],[0,0],[0,0],[0,0]],"v":[[4,-4],[8,-4],[8,-8],[4,-8]],"c":true},"ix":2},"nm":"Path 12","mn":"ADBE Vector Shape - Group","hd":false},{"ind":12,"ty":"sh","ix":13,"ks":{"a":0,"k":{"i":[[0,0]],"o":[[0,0]],"v":[[4,-8]],"c":false},"ix":2},"nm":"Path 13","mn":"ADBE Vector Shape - Group","hd":false},{"ind":13,"ty":"sh","ix":14,"ks":{"a":0,"k":{"i":[[0,0],[0,0],[0,0],[0,0]],"o":[[0,0],[0,0],[0,0],[0,0]],"v":[[-8,-4],[-4,-4],[-4,-8],[-8,-8]],"c":true},"ix":2},"nm":"Path 14","mn":"ADBE Vector Shape - Group","hd":false},{"ind":14,"ty":"sh","ix":15,"ks":{"a":0,"k":{"i":[[0,0]],"o":[[0,0]],"v":[[-8,-8]],"c":false},"ix":2},"nm":"Path 15","mn":"ADBE Vector Shape - Group","hd":false},{"ind":15,"ty":"sh","ix":16,"ks":{"a":0,"k":{"i":[[0,0],[-0.2,0.2],[-0.3,0],[0,0],[-0.2,-0.2],[0,-0.3],[0,0],[0.2,-0.2],[0.3,0],[0,0],[0.2,0.2],[0,0.3]],"o":[[0,-0.3],[0.2,-0.2],[0,0],[0.3,0],[0.2,0.2],[0,0],[0,0.3],[-0.2,0.2],[0,0],[-0.3,0],[-0.2,-0.2],[0,0]],"v":[[-10,3],[-9.7,2.3],[-9,2],[-3,2],[-2.3,2.3],[-2,3],[-2,9],[-2.3,9.7],[-3,10],[-9,10],[-9.7,9.7],[-10,9]],"c":true},"ix":2},"nm":"Path 16","mn":"ADBE Vector Shape - Group","hd":false},{"ind":16,"ty":"sh","ix":17,"ks":{"a":0,"k":{"i":[[0,0],[-0.2,0.2],[-0.3,0],[0,0],[-0.2,-0.2],[0,-0.3],[0,0],[0.2,-0.2],[0.3,0],[0,0],[0.2,0.2],[0,0.3]],"o":[[0,-0.3],[0.2,-0.2],[0,0],[0.3,0],[0.2,0.2],[0,0],[0,0.3],[-0.2,0.2],[0,0],[-0.3,0],[-0.2,-0.2],[0,0]],"v":[[2,-9],[2.3,-9.7],[3,-10],[9,-10],[9.7,-9.7],[10,-9],[10,-3],[9.7,-2.3],[9,-2],[3,-2],[2.3,-2.3],[2,-3]],"c":true},"ix":2},"nm":"Path 17","mn":"ADBE Vector Shape - Group","hd":false},{"ind":17,"ty":"sh","ix":18,"ks":{"a":0,"k":{"i":[[0,0],[-0.2,0.2],[-0.3,0],[0,0],[-0.2,-0.2],[0,-0.3],[0,0],[0.2,-0.2],[0.3,0],[0,0],[0.2,0.2],[0,0.3]],"o":[[0,-0.3],[0.2,-0.2],[0,0],[0.3,0],[0.2,0.2],[0,0],[0,0.3],[-0.2,0.2],[0,0],[-0.3,0],[-0.2,-0.2],[0,0]],"v":[[-10,-9],[-9.7,-9.7],[-9,-10],[-3,-10],[-2.3,-9.7],[-2,-9],[-2,-3],[-2.3,-2.3],[-3,-2],[-9,-2],[-9.7,-2.3],[-10,-3]],"c":true},"ix":2},"nm":"Path 18","mn":"ADBE Vector Shape - Group","hd":false},{"ind":18,"ty":"sh","ix":19,"ks":{"a":0,"k":{"i":[[0,0],[0,0],[-0.2,0.2],[-0.3,0],[-0.2,-0.2],[0,-0.3],[0,0],[0.2,-0.2],[0.3,0],[0.2,0.2],[0,0.3],[0,0],[0,0],[0,0],[0.2,-0.2],[0.3,0],[0.2,0.2],[0,0.3],[0,0],[0,0],[0.2,0.2],[0,0.3],[-0.2,0.2],[-0.3,0],[0,0],[0,0],[-0.2,0.2],[-0.3,0],[-0.2,-0.2],[0,-0.3],[0,0]],"o":[[0,0],[0,-0.3],[0.2,-0.2],[0.3,0],[0.2,0.2],[0,0],[0,0.3],[-0.2,0.2],[-0.3,0],[-0.2,-0.2],[0,0],[0,0],[0,0],[0,0.3],[-0.2,0.2],[-0.3,0],[-0.2,-0.2],[0,0],[0,0],[-0.3,0],[-0.2,-0.2],[0,-0.3],[0.2,-0.2],[0,0],[0,0],[0,-0.3],[0.2,-0.2],[0.3,0],[0.2,0.2],[0,0],[0,0]],"v":[[8,6],[8,3],[8.3,2.3],[9,2],[9.7,2.3],[10,3],[10,9],[9.7,9.7],[9,10],[8.3,9.7],[8,9],[8,8],[6,8],[6,9],[5.7,9.7],[5,10],[4.3,9.7],[4,9],[4,8],[3,8],[2.3,7.7],[2,7],[2.3,6.3],[3,6],[4,6],[4,5],[4.3,4.3],[5,4],[5.7,4.3],[6,5],[6,6]],"c":true},"ix":2},"nm":"Path 19","mn":"ADBE Vector Shape - Group","hd":false},{"ind":19,"ty":"sh","ix":20,"ks":{"a":0,"k":{"i":[[0,0],[-0.2,-0.2],[0,-0.3],[0.2,-0.2],[0.3,0],[0,0],[0.2,0.2],[0,0.3],[0,0],[-0.2,0.2],[-0.3,0],[-0.2,-0.2],[0,-0.3],[0,0]],"o":[[0.3,0],[0.2,0.2],[0,0.3],[-0.2,0.2],[0,0],[-0.3,0],[-0.2,-0.2],[0,0],[0,-0.3],[0.2,-0.2],[0.3,0],[0.2,0.2],[0,0],[0,0]],"v":[[5,-1],[5.7,-0.7],[6,0],[5.7,0.7],[5,1],[0,1],[-0.7,0.7],[-1,0],[-1,-4],[-0.7,-4.7],[0,-5],[0.7,-4.7],[1,-4],[1,-1]],"c":true},"ix":2},"nm":"Path 20","mn":"ADBE Vector Shape - Group","hd":false},{"ty":"mm","mm":1,"nm":"Merge Paths 1","mn":"ADBE Vector Filter - Merge","hd":false},{"ty":"fl","c":{"a":0,"k":[1,1,1,1],"ix":4},"o":{"a":0,"k":100,"ix":5},"r":1,"bm":0,"nm":"Fill 1","mn":"ADBE Vector Graphic - Fill","hd":false},{"ty":"tr","p":{"a":0,"k":[10.25,10.25],"ix":2},"a":{"a":0,"k":[0,0],"ix":1},"s":{"a":0,"k":[100,100],"ix":3},"r":{"a":0,"k":0,"ix":6},"o":{"a":0,"k":100,"ix":7},"sk":{"a":0,"k":0,"ix":4},"sa":{"a":0,"k":0,"ix":5},"nm":"Transform"}],"nm":"Group 1","np":22,"cix":2,"bm":0,"ix":1,"mn":"ADBE Vector Group","hd":false}],"ip":110.11011011011,"op":187,"st":30.03003003003,"bm":0},{"ddd":0,"ind":6,"ty":4,"nm":"QR 3","sr":1,"ks":{"o":{"a":0,"k":100,"ix":11},"r":{"a":0,"k":0,"ix":10},"p":{"a":0,"k":[22.25,22.25,0],"ix":2},"a":{"a":0,"k":[10.5,10.5,0],"ix":1},"s":{"a":1,"k":[{"i":{"x":[0.833,0.833,0.833],"y":[1,1,1]},"o":{"x":[0.167,0.167,0.167],"y":[0,0,0]},"t":185.989,"s":[70,70,100]},{"t":198.00073315503,"s":[100,100,100]}],"ix":6}},"ao":0,"shapes":[{"ty":"gr","it":[{"ind":0,"ty":"sh","ix":1,"ks":{"a":0,"k":{"i":[[0,0],[-0.2,0.2],[-0.3,0],[-0.2,-0.2],[0,-0.3],[0,0],[0.2,-0.2],[0.3,0],[0.2,0.2],[0,0.3]],"o":[[0,-0.3],[0.2,-0.2],[0.3,0],[0.2,0.2],[0,0],[0,0.3],[-0.2,0.2],[-0.3,0],[-0.2,-0.2],[0,0]],"v":[[-1,-9],[-0.7,-9.7],[0,-10],[0.7,-9.7],[1,-9],[1,-7],[0.7,-6.3],[0,-6],[-0.7,-6.3],[-1,-7]],"c":true},"ix":2},"nm":"Path 1","mn":"ADBE Vector Shape - Group","hd":false},{"ind":1,"ty":"sh","ix":2,"ks":{"a":0,"k":{"i":[[0,0.3],[-0.2,0.2],[-0.3,0],[-0.2,-0.2],[0,-0.3],[0.2,-0.2],[0.3,0],[0.2,0.2]],"o":[[0,-0.3],[0.2,-0.2],[0.3,0],[0.2,0.2],[0,0.3],[-0.2,0.2],[-0.3,0],[-0.2,-0.2]],"v":[[5,-6],[5.3,-6.7],[6,-7],[6.7,-6.7],[7,-6],[6.7,-5.3],[6,-5],[5.3,-5.3]],"c":true},"ix":2},"nm":"Path 2","mn":"ADBE Vector Shape - Group","hd":false},{"ind":2,"ty":"sh","ix":3,"ks":{"a":0,"k":{"i":[[0,0.3],[-0.2,0.2],[-0.3,0],[-0.2,-0.2],[0,-0.3],[0.2,-0.2],[0.3,0],[0.2,0.2]],"o":[[0,-0.3],[0.2,-0.2],[0.3,0],[0.2,0.2],[0,0.3],[-0.2,0.2],[-0.3,0],[-0.2,-0.2]],"v":[[-7,6],[-6.7,5.3],[-6,5],[-5.3,5.3],[-5,6],[-5.3,6.7],[-6,7],[-6.7,6.7]],"c":true},"ix":2},"nm":"Path 3","mn":"ADBE Vector Shape - Group","hd":false},{"ind":3,"ty":"sh","ix":4,"ks":{"a":0,"k":{"i":[[0,0.3],[-0.2,0.2],[-0.3,0],[0,0],[-0.2,-0.2],[0,-0.3],[0.2,-0.2],[0.3,0],[0,0],[0.2,0.2]],"o":[[0,-0.3],[0.2,-0.2],[0,0],[0.3,0],[0.2,0.2],[0,0.3],[-0.2,0.2],[0,0],[-0.3,0],[-0.2,-0.2]],"v":[[-7,0],[-6.7,-0.7],[-6,-1],[-3,-1],[-2.3,-0.7],[-2,0],[-2.3,0.7],[-3,1],[-6,1],[-6.7,0.7]],"c":true},"ix":2},"nm":"Path 4","mn":"ADBE Vector Shape - Group","hd":false},{"ind":4,"ty":"sh","ix":5,"ks":{"a":0,"k":{"i":[[0,0.3],[-0.2,0.2],[-0.3,0],[-0.2,-0.2],[0,-0.3],[0.2,-0.2],[0.3,0],[0.2,0.2]],"o":[[0,-0.3],[0.2,-0.2],[0.3,0],[0.2,0.2],[0,0.3],[-0.2,0.2],[-0.3,0],[-0.2,-0.2]],"v":[[-1,9],[-0.7,8.3],[0,8],[0.7,8.3],[1,9],[0.7,9.7],[0,10],[-0.7,9.7]],"c":true},"ix":2},"nm":"Path 5","mn":"ADBE Vector Shape - Group","hd":false},{"ind":5,"ty":"sh","ix":6,"ks":{"a":0,"k":{"i":[[0,0.3],[-0.2,0.2],[-0.3,0],[-0.2,-0.2],[0,-0.3],[0.2,-0.2],[0.3,0],[0.2,0.2]],"o":[[0,-0.3],[0.2,-0.2],[0.3,0],[0.2,0.2],[0,0.3],[-0.2,0.2],[-0.3,0],[-0.2,-0.2]],"v":[[8,0],[8.3,-0.7],[9,-1],[9.7,-0.7],[10,0],[9.7,0.7],[9,1],[8.3,0.7]],"c":true},"ix":2},"nm":"Path 6","mn":"ADBE Vector Shape - Group","hd":false},{"ind":6,"ty":"sh","ix":7,"ks":{"a":0,"k":{"i":[[0,0.3],[-0.2,0.2],[-0.3,0],[0,0],[-0.2,-0.2],[0,-0.3],[0.2,-0.2],[0.3,0],[0,0],[0.2,0.2]],"o":[[0,-0.3],[0.2,-0.2],[0,0],[0.3,0],[0.2,0.2],[0,0.3],[-0.2,0.2],[0,0],[-0.3,0],[-0.2,-0.2]],"v":[[-1,3],[-0.7,2.3],[0,2],[3,2],[3.7,2.3],[4,3],[3.7,3.7],[3,4],[0,4],[-0.7,3.7]],"c":true},"ix":2},"nm":"Path 7","mn":"ADBE Vector Shape - Group","hd":false},{"ind":7,"ty":"sh","ix":8,"ks":{"a":0,"k":{"i":[[0,0.3],[-0.2,0.2],[-0.3,0],[-0.2,-0.2],[0,-0.3],[0.2,-0.2],[0.3,0],[0.2,0.2]],"o":[[0,-0.3],[0.2,-0.2],[0.3,0],[0.2,0.2],[0,0.3],[-0.2,0.2],[-0.3,0],[-0.2,-0.2]],"v":[[-7,-6],[-6.7,-6.7],[-6,-7],[-5.3,-6.7],[-5,-6],[-5.3,-5.3],[-6,-5],[-6.7,-5.3]],"c":true},"ix":2},"nm":"Path 8","mn":"ADBE Vector Shape - Group","hd":false},{"ind":8,"ty":"sh","ix":9,"ks":{"a":0,"k":{"i":[[0,0.3],[-0.2,0.2],[-0.3,0],[-0.2,-0.2],[0,-0.3],[0.2,-0.2],[0.3,0],[0.2,0.2]],"o":[[0,-0.3],[0.2,-0.2],[0.3,0],[0.2,0.2],[0,0.3],[-0.2,0.2],[-0.3,0],[-0.2,-0.2]],"v":[[-10,0],[-9.7,-0.7],[-9,-1],[-8.3,-0.7],[-8,0],[-8.3,0.7],[-9,1],[-9.7,0.7]],"c":true},"ix":2},"nm":"Path 9","mn":"ADBE Vector Shape - Group","hd":false},{"ind":9,"ty":"sh","ix":10,"ks":{"a":0,"k":{"i":[[0,0],[0,0],[0,0],[0,0]],"o":[[0,0],[0,0],[0,0],[0,0]],"v":[[-8,8],[-4,8],[-4,4],[-8,4]],"c":true},"ix":2},"nm":"Path 10","mn":"ADBE Vector Shape - Group","hd":false},{"ind":10,"ty":"sh","ix":11,"ks":{"a":0,"k":{"i":[[0,0]],"o":[[0,0]],"v":[[-8,4]],"c":false},"ix":2},"nm":"Path 11","mn":"ADBE Vector Shape - Group","hd":false},{"ind":11,"ty":"sh","ix":12,"ks":{"a":0,"k":{"i":[[0,0],[0,0],[0,0],[0,0]],"o":[[0,0],[0,0],[0,0],[0,0]],"v":[[4,-4],[8,-4],[8,-8],[4,-8]],"c":true},"ix":2},"nm":"Path 12","mn":"ADBE Vector Shape - Group","hd":false},{"ind":12,"ty":"sh","ix":13,"ks":{"a":0,"k":{"i":[[0,0]],"o":[[0,0]],"v":[[4,-8]],"c":false},"ix":2},"nm":"Path 13","mn":"ADBE Vector Shape - Group","hd":false},{"ind":13,"ty":"sh","ix":14,"ks":{"a":0,"k":{"i":[[0,0],[0,0],[0,0],[0,0]],"o":[[0,0],[0,0],[0,0],[0,0]],"v":[[-8,-4],[-4,-4],[-4,-8],[-8,-8]],"c":true},"ix":2},"nm":"Path 14","mn":"ADBE Vector Shape - Group","hd":false},{"ind":14,"ty":"sh","ix":15,"ks":{"a":0,"k":{"i":[[0,0]],"o":[[0,0]],"v":[[-8,-8]],"c":false},"ix":2},"nm":"Path 15","mn":"ADBE Vector Shape - Group","hd":false},{"ind":15,"ty":"sh","ix":16,"ks":{"a":0,"k":{"i":[[0,0],[-0.2,0.2],[-0.3,0],[0,0],[-0.2,-0.2],[0,-0.3],[0,0],[0.2,-0.2],[0.3,0],[0,0],[0.2,0.2],[0,0.3]],"o":[[0,-0.3],[0.2,-0.2],[0,0],[0.3,0],[0.2,0.2],[0,0],[0,0.3],[-0.2,0.2],[0,0],[-0.3,0],[-0.2,-0.2],[0,0]],"v":[[-10,3],[-9.7,2.3],[-9,2],[-3,2],[-2.3,2.3],[-2,3],[-2,9],[-2.3,9.7],[-3,10],[-9,10],[-9.7,9.7],[-10,9]],"c":true},"ix":2},"nm":"Path 16","mn":"ADBE Vector Shape - Group","hd":false},{"ind":16,"ty":"sh","ix":17,"ks":{"a":0,"k":{"i":[[0,0],[-0.2,0.2],[-0.3,0],[0,0],[-0.2,-0.2],[0,-0.3],[0,0],[0.2,-0.2],[0.3,0],[0,0],[0.2,0.2],[0,0.3]],"o":[[0,-0.3],[0.2,-0.2],[0,0],[0.3,0],[0.2,0.2],[0,0],[0,0.3],[-0.2,0.2],[0,0],[-0.3,0],[-0.2,-0.2],[0,0]],"v":[[2,-9],[2.3,-9.7],[3,-10],[9,-10],[9.7,-9.7],[10,-9],[10,-3],[9.7,-2.3],[9,-2],[3,-2],[2.3,-2.3],[2,-3]],"c":true},"ix":2},"nm":"Path 17","mn":"ADBE Vector Shape - Group","hd":false},{"ind":17,"ty":"sh","ix":18,"ks":{"a":0,"k":{"i":[[0,0],[-0.2,0.2],[-0.3,0],[0,0],[-0.2,-0.2],[0,-0.3],[0,0],[0.2,-0.2],[0.3,0],[0,0],[0.2,0.2],[0,0.3]],"o":[[0,-0.3],[0.2,-0.2],[0,0],[0.3,0],[0.2,0.2],[0,0],[0,0.3],[-0.2,0.2],[0,0],[-0.3,0],[-0.2,-0.2],[0,0]],"v":[[-10,-9],[-9.7,-9.7],[-9,-10],[-3,-10],[-2.3,-9.7],[-2,-9],[-2,-3],[-2.3,-2.3],[-3,-2],[-9,-2],[-9.7,-2.3],[-10,-3]],"c":true},"ix":2},"nm":"Path 18","mn":"ADBE Vector Shape - Group","hd":false},{"ind":18,"ty":"sh","ix":19,"ks":{"a":0,"k":{"i":[[0,0],[0,0],[-0.2,0.2],[-0.3,0],[-0.2,-0.2],[0,-0.3],[0,0],[0.2,-0.2],[0.3,0],[0.2,0.2],[0,0.3],[0,0],[0,0],[0,0],[0.2,-0.2],[0.3,0],[0.2,0.2],[0,0.3],[0,0],[0,0],[0.2,0.2],[0,0.3],[-0.2,0.2],[-0.3,0],[0,0],[0,0],[-0.2,0.2],[-0.3,0],[-0.2,-0.2],[0,-0.3],[0,0]],"o":[[0,0],[0,-0.3],[0.2,-0.2],[0.3,0],[0.2,0.2],[0,0],[0,0.3],[-0.2,0.2],[-0.3,0],[-0.2,-0.2],[0,0],[0,0],[0,0],[0,0.3],[-0.2,0.2],[-0.3,0],[-0.2,-0.2],[0,0],[0,0],[-0.3,0],[-0.2,-0.2],[0,-0.3],[0.2,-0.2],[0,0],[0,0],[0,-0.3],[0.2,-0.2],[0.3,0],[0.2,0.2],[0,0],[0,0]],"v":[[8,6],[8,3],[8.3,2.3],[9,2],[9.7,2.3],[10,3],[10,9],[9.7,9.7],[9,10],[8.3,9.7],[8,9],[8,8],[6,8],[6,9],[5.7,9.7],[5,10],[4.3,9.7],[4,9],[4,8],[3,8],[2.3,7.7],[2,7],[2.3,6.3],[3,6],[4,6],[4,5],[4.3,4.3],[5,4],[5.7,4.3],[6,5],[6,6]],"c":true},"ix":2},"nm":"Path 19","mn":"ADBE Vector Shape - Group","hd":false},{"ind":19,"ty":"sh","ix":20,"ks":{"a":0,"k":{"i":[[0,0],[-0.2,-0.2],[0,-0.3],[0.2,-0.2],[0.3,0],[0,0],[0.2,0.2],[0,0.3],[0,0],[-0.2,0.2],[-0.3,0],[-0.2,-0.2],[0,-0.3],[0,0]],"o":[[0.3,0],[0.2,0.2],[0,0.3],[-0.2,0.2],[0,0],[-0.3,0],[-0.2,-0.2],[0,0],[0,-0.3],[0.2,-0.2],[0.3,0],[0.2,0.2],[0,0],[0,0]],"v":[[5,-1],[5.7,-0.7],[6,0],[5.7,0.7],[5,1],[0,1],[-0.7,0.7],[-1,0],[-1,-4],[-0.7,-4.7],[0,-5],[0.7,-4.7],[1,-4],[1,-1]],"c":true},"ix":2},"nm":"Path 20","mn":"ADBE Vector Shape - Group","hd":false},{"ty":"mm","mm":1,"nm":"Merge Paths 1","mn":"ADBE Vector Filter - Merge","hd":false},{"ty":"fl","c":{"a":0,"k":[1,1,1,1],"ix":4},"o":{"a":0,"k":100,"ix":5},"r":1,"bm":0,"nm":"Fill 1","mn":"ADBE Vector Graphic - Fill","hd":false},{"ty":"tr","p":{"a":0,"k":[10.25,10.25],"ix":2},"a":{"a":0,"k":[0,0],"ix":1},"s":{"a":0,"k":[100,100],"ix":3},"r":{"a":0,"k":0,"ix":6},"o":{"a":0,"k":100,"ix":7},"sk":{"a":0,"k":0,"ix":4},"sa":{"a":0,"k":0,"ix":5},"nm":"Transform"}],"nm":"Group 1","np":22,"cix":2,"bm":0,"ix":1,"mn":"ADBE Vector Group","hd":false}],"ip":186,"op":241.24024024024,"st":31.03003003003,"bm":0},{"ddd":0,"ind":7,"ty":4,"nm":"QR 2","sr":1,"ks":{"o":{"a":0,"k":100,"ix":11},"r":{"a":0,"k":0,"ix":10},"p":{"a":0,"k":[22.25,22.25,0],"ix":2},"a":{"a":0,"k":[10.5,10.5,0],"ix":1},"s":{"a":1,"k":[{"i":{"x":[0.678,0.678,0.667],"y":[1,1,1]},"o":{"x":[1,1,0.333],"y":[0.008,0.008,0]},"t":60.061,"s":[100,100,100]},{"i":{"x":[0.037,0.037,0.833],"y":[0.975,0.975,1]},"o":{"x":[0.617,0.617,0.333],"y":[0.034,0.034,0]},"t":80.08,"s":[60,60,100]},{"t":90.08984375,"s":[70,70,100]}],"ix":6}},"ao":0,"shapes":[{"ty":"gr","it":[{"ind":0,"ty":"sh","ix":1,"ks":{"a":0,"k":{"i":[[0,0],[-0.2,0.2],[-0.3,0],[-0.2,-0.2],[0,-0.3],[0,0],[0.2,-0.2],[0.3,0],[0.2,0.2],[0,0.3]],"o":[[0,-0.3],[0.2,-0.2],[0.3,0],[0.2,0.2],[0,0],[0,0.3],[-0.2,0.2],[-0.3,0],[-0.2,-0.2],[0,0]],"v":[[-1,-9],[-0.7,-9.7],[0,-10],[0.7,-9.7],[1,-9],[1,-7],[0.7,-6.3],[0,-6],[-0.7,-6.3],[-1,-7]],"c":true},"ix":2},"nm":"Path 1","mn":"ADBE Vector Shape - Group","hd":false},{"ind":1,"ty":"sh","ix":2,"ks":{"a":0,"k":{"i":[[0,0.3],[-0.2,0.2],[-0.3,0],[-0.2,-0.2],[0,-0.3],[0.2,-0.2],[0.3,0],[0.2,0.2]],"o":[[0,-0.3],[0.2,-0.2],[0.3,0],[0.2,0.2],[0,0.3],[-0.2,0.2],[-0.3,0],[-0.2,-0.2]],"v":[[5,-6],[5.3,-6.7],[6,-7],[6.7,-6.7],[7,-6],[6.7,-5.3],[6,-5],[5.3,-5.3]],"c":true},"ix":2},"nm":"Path 2","mn":"ADBE Vector Shape - Group","hd":false},{"ind":2,"ty":"sh","ix":3,"ks":{"a":0,"k":{"i":[[0,0.3],[-0.2,0.2],[-0.3,0],[-0.2,-0.2],[0,-0.3],[0.2,-0.2],[0.3,0],[0.2,0.2]],"o":[[0,-0.3],[0.2,-0.2],[0.3,0],[0.2,0.2],[0,0.3],[-0.2,0.2],[-0.3,0],[-0.2,-0.2]],"v":[[-7,6],[-6.7,5.3],[-6,5],[-5.3,5.3],[-5,6],[-5.3,6.7],[-6,7],[-6.7,6.7]],"c":true},"ix":2},"nm":"Path 3","mn":"ADBE Vector Shape - Group","hd":false},{"ind":3,"ty":"sh","ix":4,"ks":{"a":0,"k":{"i":[[0,0.3],[-0.2,0.2],[-0.3,0],[0,0],[-0.2,-0.2],[0,-0.3],[0.2,-0.2],[0.3,0],[0,0],[0.2,0.2]],"o":[[0,-0.3],[0.2,-0.2],[0,0],[0.3,0],[0.2,0.2],[0,0.3],[-0.2,0.2],[0,0],[-0.3,0],[-0.2,-0.2]],"v":[[-7,0],[-6.7,-0.7],[-6,-1],[-3,-1],[-2.3,-0.7],[-2,0],[-2.3,0.7],[-3,1],[-6,1],[-6.7,0.7]],"c":true},"ix":2},"nm":"Path 4","mn":"ADBE Vector Shape - Group","hd":false},{"ind":4,"ty":"sh","ix":5,"ks":{"a":0,"k":{"i":[[0,0.3],[-0.2,0.2],[-0.3,0],[-0.2,-0.2],[0,-0.3],[0.2,-0.2],[0.3,0],[0.2,0.2]],"o":[[0,-0.3],[0.2,-0.2],[0.3,0],[0.2,0.2],[0,0.3],[-0.2,0.2],[-0.3,0],[-0.2,-0.2]],"v":[[-1,9],[-0.7,8.3],[0,8],[0.7,8.3],[1,9],[0.7,9.7],[0,10],[-0.7,9.7]],"c":true},"ix":2},"nm":"Path 5","mn":"ADBE Vector Shape - Group","hd":false},{"ind":5,"ty":"sh","ix":6,"ks":{"a":0,"k":{"i":[[0,0.3],[-0.2,0.2],[-0.3,0],[-0.2,-0.2],[0,-0.3],[0.2,-0.2],[0.3,0],[0.2,0.2]],"o":[[0,-0.3],[0.2,-0.2],[0.3,0],[0.2,0.2],[0,0.3],[-0.2,0.2],[-0.3,0],[-0.2,-0.2]],"v":[[8,0],[8.3,-0.7],[9,-1],[9.7,-0.7],[10,0],[9.7,0.7],[9,1],[8.3,0.7]],"c":true},"ix":2},"nm":"Path 6","mn":"ADBE Vector Shape - Group","hd":false},{"ind":6,"ty":"sh","ix":7,"ks":{"a":0,"k":{"i":[[0,0.3],[-0.2,0.2],[-0.3,0],[0,0],[-0.2,-0.2],[0,-0.3],[0.2,-0.2],[0.3,0],[0,0],[0.2,0.2]],"o":[[0,-0.3],[0.2,-0.2],[0,0],[0.3,0],[0.2,0.2],[0,0.3],[-0.2,0.2],[0,0],[-0.3,0],[-0.2,-0.2]],"v":[[-1,3],[-0.7,2.3],[0,2],[3,2],[3.7,2.3],[4,3],[3.7,3.7],[3,4],[0,4],[-0.7,3.7]],"c":true},"ix":2},"nm":"Path 7","mn":"ADBE Vector Shape - Group","hd":false},{"ind":7,"ty":"sh","ix":8,"ks":{"a":0,"k":{"i":[[0,0.3],[-0.2,0.2],[-0.3,0],[-0.2,-0.2],[0,-0.3],[0.2,-0.2],[0.3,0],[0.2,0.2]],"o":[[0,-0.3],[0.2,-0.2],[0.3,0],[0.2,0.2],[0,0.3],[-0.2,0.2],[-0.3,0],[-0.2,-0.2]],"v":[[-7,-6],[-6.7,-6.7],[-6,-7],[-5.3,-6.7],[-5,-6],[-5.3,-5.3],[-6,-5],[-6.7,-5.3]],"c":true},"ix":2},"nm":"Path 8","mn":"ADBE Vector Shape - Group","hd":false},{"ind":8,"ty":"sh","ix":9,"ks":{"a":0,"k":{"i":[[0,0.3],[-0.2,0.2],[-0.3,0],[-0.2,-0.2],[0,-0.3],[0.2,-0.2],[0.3,0],[0.2,0.2]],"o":[[0,-0.3],[0.2,-0.2],[0.3,0],[0.2,0.2],[0,0.3],[-0.2,0.2],[-0.3,0],[-0.2,-0.2]],"v":[[-10,0],[-9.7,-0.7],[-9,-1],[-8.3,-0.7],[-8,0],[-8.3,0.7],[-9,1],[-9.7,0.7]],"c":true},"ix":2},"nm":"Path 9","mn":"ADBE Vector Shape - Group","hd":false},{"ind":9,"ty":"sh","ix":10,"ks":{"a":0,"k":{"i":[[0,0],[0,0],[0,0],[0,0]],"o":[[0,0],[0,0],[0,0],[0,0]],"v":[[-8,8],[-4,8],[-4,4],[-8,4]],"c":true},"ix":2},"nm":"Path 10","mn":"ADBE Vector Shape - Group","hd":false},{"ind":10,"ty":"sh","ix":11,"ks":{"a":0,"k":{"i":[[0,0]],"o":[[0,0]],"v":[[-8,4]],"c":false},"ix":2},"nm":"Path 11","mn":"ADBE Vector Shape - Group","hd":false},{"ind":11,"ty":"sh","ix":12,"ks":{"a":0,"k":{"i":[[0,0],[0,0],[0,0],[0,0]],"o":[[0,0],[0,0],[0,0],[0,0]],"v":[[4,-4],[8,-4],[8,-8],[4,-8]],"c":true},"ix":2},"nm":"Path 12","mn":"ADBE Vector Shape - Group","hd":false},{"ind":12,"ty":"sh","ix":13,"ks":{"a":0,"k":{"i":[[0,0]],"o":[[0,0]],"v":[[4,-8]],"c":false},"ix":2},"nm":"Path 13","mn":"ADBE Vector Shape - Group","hd":false},{"ind":13,"ty":"sh","ix":14,"ks":{"a":0,"k":{"i":[[0,0],[0,0],[0,0],[0,0]],"o":[[0,0],[0,0],[0,0],[0,0]],"v":[[-8,-4],[-4,-4],[-4,-8],[-8,-8]],"c":true},"ix":2},"nm":"Path 14","mn":"ADBE Vector Shape - Group","hd":false},{"ind":14,"ty":"sh","ix":15,"ks":{"a":0,"k":{"i":[[0,0]],"o":[[0,0]],"v":[[-8,-8]],"c":false},"ix":2},"nm":"Path 15","mn":"ADBE Vector Shape - Group","hd":false},{"ind":15,"ty":"sh","ix":16,"ks":{"a":0,"k":{"i":[[0,0],[-0.2,0.2],[-0.3,0],[0,0],[-0.2,-0.2],[0,-0.3],[0,0],[0.2,-0.2],[0.3,0],[0,0],[0.2,0.2],[0,0.3]],"o":[[0,-0.3],[0.2,-0.2],[0,0],[0.3,0],[0.2,0.2],[0,0],[0,0.3],[-0.2,0.2],[0,0],[-0.3,0],[-0.2,-0.2],[0,0]],"v":[[-10,3],[-9.7,2.3],[-9,2],[-3,2],[-2.3,2.3],[-2,3],[-2,9],[-2.3,9.7],[-3,10],[-9,10],[-9.7,9.7],[-10,9]],"c":true},"ix":2},"nm":"Path 16","mn":"ADBE Vector Shape - Group","hd":false},{"ind":16,"ty":"sh","ix":17,"ks":{"a":0,"k":{"i":[[0,0],[-0.2,0.2],[-0.3,0],[0,0],[-0.2,-0.2],[0,-0.3],[0,0],[0.2,-0.2],[0.3,0],[0,0],[0.2,0.2],[0,0.3]],"o":[[0,-0.3],[0.2,-0.2],[0,0],[0.3,0],[0.2,0.2],[0,0],[0,0.3],[-0.2,0.2],[0,0],[-0.3,0],[-0.2,-0.2],[0,0]],"v":[[2,-9],[2.3,-9.7],[3,-10],[9,-10],[9.7,-9.7],[10,-9],[10,-3],[9.7,-2.3],[9,-2],[3,-2],[2.3,-2.3],[2,-3]],"c":true},"ix":2},"nm":"Path 17","mn":"ADBE Vector Shape - Group","hd":false},{"ind":17,"ty":"sh","ix":18,"ks":{"a":0,"k":{"i":[[0,0],[-0.2,0.2],[-0.3,0],[0,0],[-0.2,-0.2],[0,-0.3],[0,0],[0.2,-0.2],[0.3,0],[0,0],[0.2,0.2],[0,0.3]],"o":[[0,-0.3],[0.2,-0.2],[0,0],[0.3,0],[0.2,0.2],[0,0],[0,0.3],[-0.2,0.2],[0,0],[-0.3,0],[-0.2,-0.2],[0,0]],"v":[[-10,-9],[-9.7,-9.7],[-9,-10],[-3,-10],[-2.3,-9.7],[-2,-9],[-2,-3],[-2.3,-2.3],[-3,-2],[-9,-2],[-9.7,-2.3],[-10,-3]],"c":true},"ix":2},"nm":"Path 18","mn":"ADBE Vector Shape - Group","hd":false},{"ind":18,"ty":"sh","ix":19,"ks":{"a":0,"k":{"i":[[0,0],[0,0],[-0.2,0.2],[-0.3,0],[-0.2,-0.2],[0,-0.3],[0,0],[0.2,-0.2],[0.3,0],[0.2,0.2],[0,0.3],[0,0],[0,0],[0,0],[0.2,-0.2],[0.3,0],[0.2,0.2],[0,0.3],[0,0],[0,0],[0.2,0.2],[0,0.3],[-0.2,0.2],[-0.3,0],[0,0],[0,0],[-0.2,0.2],[-0.3,0],[-0.2,-0.2],[0,-0.3],[0,0]],"o":[[0,0],[0,-0.3],[0.2,-0.2],[0.3,0],[0.2,0.2],[0,0],[0,0.3],[-0.2,0.2],[-0.3,0],[-0.2,-0.2],[0,0],[0,0],[0,0],[0,0.3],[-0.2,0.2],[-0.3,0],[-0.2,-0.2],[0,0],[0,0],[-0.3,0],[-0.2,-0.2],[0,-0.3],[0.2,-0.2],[0,0],[0,0],[0,-0.3],[0.2,-0.2],[0.3,0],[0.2,0.2],[0,0],[0,0]],"v":[[8,6],[8,3],[8.3,2.3],[9,2],[9.7,2.3],[10,3],[10,9],[9.7,9.7],[9,10],[8.3,9.7],[8,9],[8,8],[6,8],[6,9],[5.7,9.7],[5,10],[4.3,9.7],[4,9],[4,8],[3,8],[2.3,7.7],[2,7],[2.3,6.3],[3,6],[4,6],[4,5],[4.3,4.3],[5,4],[5.7,4.3],[6,5],[6,6]],"c":true},"ix":2},"nm":"Path 19","mn":"ADBE Vector Shape - Group","hd":false},{"ind":19,"ty":"sh","ix":20,"ks":{"a":0,"k":{"i":[[0,0],[-0.2,-0.2],[0,-0.3],[0.2,-0.2],[0.3,0],[0,0],[0.2,0.2],[0,0.3],[0,0],[-0.2,0.2],[-0.3,0],[-0.2,-0.2],[0,-0.3],[0,0]],"o":[[0.3,0],[0.2,0.2],[0,0.3],[-0.2,0.2],[0,0],[-0.3,0],[-0.2,-0.2],[0,0],[0,-0.3],[0.2,-0.2],[0.3,0],[0.2,0.2],[0,0],[0,0]],"v":[[5,-1],[5.7,-0.7],[6,0],[5.7,0.7],[5,1],[0,1],[-0.7,0.7],[-1,0],[-1,-4],[-0.7,-4.7],[0,-5],[0.7,-4.7],[1,-4],[1,-1]],"c":true},"ix":2},"nm":"Path 20","mn":"ADBE Vector Shape - Group","hd":false},{"ty":"mm","mm":1,"nm":"Merge Paths 1","mn":"ADBE Vector Filter - Merge","hd":false},{"ty":"fl","c":{"a":0,"k":[1,1,1,1],"ix":4},"o":{"a":0,"k":100,"ix":5},"r":1,"bm":0,"nm":"Fill 1","mn":"ADBE Vector Graphic - Fill","hd":false},{"ty":"tr","p":{"a":0,"k":[10.25,10.25],"ix":2},"a":{"a":0,"k":[0,0],"ix":1},"s":{"a":0,"k":[100,100],"ix":3},"r":{"a":0,"k":0,"ix":6},"o":{"a":0,"k":100,"ix":7},"sk":{"a":0,"k":0,"ix":4},"sa":{"a":0,"k":0,"ix":5},"nm":"Transform"}],"nm":"Group 1","np":22,"cix":2,"bm":0,"ix":1,"mn":"ADBE Vector Group","hd":false}],"ip":0,"op":112.112112112112,"st":0,"bm":0},{"ddd":0,"ind":8,"ty":4,"nm":"Bg","sr":1,"ks":{"o":{"a":0,"k":100,"ix":11},"r":{"a":0,"k":0,"ix":10},"p":{"a":0,"k":[22.25,22.25,0],"ix":2},"a":{"a":0,"k":[22.5,22.5,0],"ix":1},"s":{"a":0,"k":[100,100,100],"ix":6}},"ao":0,"shapes":[{"ty":"gr","it":[{"ind":0,"ty":"sh","ix":1,"ks":{"a":0,"k":{"i":[[-12.15,0],[0,-12.15],[12.15,0],[0,12.15]],"o":[[12.15,0],[0,12.15],[-12.15,0],[0,-12.15]],"v":[[0,-22],[22,0],[0,22],[-22,0]],"c":true},"ix":2},"nm":"Path 1","mn":"ADBE Vector Shape - Group","hd":false},{"ty":"fl","c":{"a":0,"k":[0.23137254901960785,0.5372549019607843,0.9254901960784314,1],"ix":4},"o":{"a":0,"k":100,"ix":5},"r":1,"bm":0,"nm":"Fill 1","mn":"ADBE Vector Graphic - Fill","hd":false},{"ty":"tr","p":{"a":0,"k":[22.25,22.25],"ix":2},"a":{"a":0,"k":[0,0],"ix":1},"s":{"a":0,"k":[100,100],"ix":3},"r":{"a":0,"k":0,"ix":6},"o":{"a":0,"k":100,"ix":7},"sk":{"a":0,"k":0,"ix":4},"sa":{"a":0,"k":0,"ix":5},"nm":"Transform"}],"nm":"Group 1","np":2,"cix":2,"bm":0,"ix":1,"mn":"ADBE Vector Group","hd":false}],"ip":0,"op":240.24024024024,"st":0,"bm":0}],"markers":[]}